model,technique,implementation,sample_id,predicted_class,predicted_crop,top_features,top_feature_count,local_fidelity,faithfulness_probability_drop,stability_jaccard,sparsity,coverage,runtime_seconds
Logistic Regression,LIME,local weighted Ridge surrogate,0,0,Maize,categorical__crop_group_seasonal; numeric__mean_field_area_ha; categorical__crop_group_permanent; numeric__seasonal_plot_count; numeric__max_field_area_ha; categorical__primary_tenure_98.0; categorical__head_education_PRIMARY EDUCATION COMPLETE; categorical__head_education_None,8,0.4594916129163312,0.0,0.6,0.9436619718309859,1.0,0.01713749999908032
Logistic Regression,SHAP,single-baseline occlusion Shapley approximation,0,0,Maize,numeric__mean_field_area_ha; numeric__max_field_area_ha; numeric__input_record_count; numeric__pesticide_type_count; numeric__head_age; categorical__head_education_PRIMARY EDUCATION COMPLETE; categorical__dominant_crop_system_PURE STAND; numeric__equipment_use_share,8,0.8744347888937799,0.051916022928582134,1.0,0.9436619718309859,1.0,0.043407099998148624
Logistic Regression,Anchors,greedy high-precision feature rule,0,0,Maize,categorical__head_education_PRIMARY EDUCATION COMPLETE; numeric__mixed_crop_share; numeric__temp_range; numeric__s4a_cultivated_land_share; numeric__rainfall_max_monthly_2023_24,5,0.4117647058823529,0.04185291631754129,0.0,0.9647887323943662,0.2125,0.007100200000422774
Logistic Regression,LIME,local weighted Ridge surrogate,1,0,Maize,numeric__mean_field_area_ha; numeric__equipment_type_count; categorical__primary_tenure_93.0; categorical__head_education_PRIMARY EDUCATION COMPLETE; categorical__head_education_SECONDARY/ADVANCED EDUCATION INCOMPLETE; numeric__head_formally_educated; categorical__crop_group_seasonal; categorical__primary_tenure_98.0,8,0.4591834000759958,0.0,0.3333333333333333,0.9436619718309859,1.0,0.007283399998414097
Logistic Regression,SHAP,single-baseline occlusion Shapley approximation,1,0,Maize,numeric__mean_field_area_ha; categorical__head_education_PRE-SCHOOL; numeric__fertilizer_kg; categorical__dominant_crop_system_PURE STAND; numeric__max_field_area_ha; categorical__head_education_PRIMARY EDUCATION COMPLETE; numeric__seasonal_plot_area_ha; numeric__mixed_crop_share,8,0.9589227097622156,0.02203165244057248,1.0,0.9436619718309859,1.0,0.03811470000073314
Logistic Regression,Anchors,greedy high-precision feature rule,1,0,Maize,numeric__soil_k_max; numeric__soil_ph_median; numeric__maize_recent_market_price_tzs_mean; numeric__maize_recent_market_price_usd_mean; categorical__s4a_dominant_slope_class_Flat (0 - 0.5%),5,0.3333333333333333,0.002152036518402789,1.0,0.9647887323943662,0.225,0.011436000000685453
Logistic Regression,LIME,local weighted Ridge surrogate,2,0,Maize,numeric__mean_field_area_ha; categorical__crop_group_seasonal; categorical__primary_tenure_98.0; categorical__crop_group_permanent; numeric__max_field_area_ha; numeric__fertilizer_kg; numeric__seasonal_plot_count; categorical__head_education_None,8,0.45409018614451413,0.04404413386143152,0.7777777777777778,0.9436619718309859,1.0,0.008772199998929864
Logistic Regression,SHAP,single-baseline occlusion Shapley approximation,2,0,Maize,numeric__mean_field_area_ha; numeric__max_field_area_ha; numeric__unique_input_count; numeric__head_formally_educated; categorical__head_education_None; numeric__formally_educated_share; numeric__input_record_count; numeric__field_count,8,0.6687930939626726,0.1023172291725239,1.0,0.9436619718309859,1.0,0.0460477999986324
Logistic Regression,Anchors,greedy high-precision feature rule,2,0,Maize,numeric__s4a_min_altitude; numeric__s4a_rainfed_share; numeric__rainfall_vuli_total; numeric__soil_al_mean; numeric__soil_al_median,5,0.23333333333333334,0.016565928115998718,0.6666666666666666,0.9647887323943662,0.375,0.01704500000050757
Logistic Regression,LIME,local weighted Ridge surrogate,3,0,Maize,categorical__crop_group_permanent; categorical__crop_group_seasonal; numeric__mean_field_area_ha; numeric__head_formally_educated; numeric__max_field_area_ha; numeric__seasonal_plot_count; categorical__head_education_None; numeric__formally_educated_share,8,0.4802008076094868,0.0,0.6,0.9436619718309859,1.0,0.025518600003124448
Logistic Regression,SHAP,single-baseline occlusion Shapley approximation,3,0,Maize,numeric__mean_field_area_ha; numeric__max_field_area_ha; numeric__unique_input_count; numeric__head_formally_educated; categorical__head_education_None; numeric__formally_educated_share; numeric__input_record_count; numeric__field_count,8,0.6687930939626726,0.1023172291725239,1.0,0.9436619718309859,1.0,0.04064769999968121
Logistic Regression,Anchors,greedy high-precision feature rule,3,0,Maize,numeric__s4a_min_altitude; numeric__s4a_rainfed_share; numeric__rainfall_vuli_total; numeric__soil_al_mean; numeric__soil_al_median,5,0.23333333333333334,0.016565928115998718,1.0,0.9647887323943662,0.375,0.00823119999768096
Logistic Regression,LIME,local weighted Ridge surrogate,4,0,Maize,numeric__mean_field_area_ha; categorical__crop_group_permanent; categorical__crop_group_seasonal; categorical__primary_tenure_98.0; numeric__max_field_area_ha; numeric__head_formally_educated; categorical__primary_tenure_94.0; numeric__seasonal_plot_count,8,0.5211172487690467,0.0,0.7777777777777778,0.9436619718309859,1.0,0.007364400000369642
Logistic Regression,SHAP,single-baseline occlusion Shapley approximation,4,0,Maize,numeric__mean_field_area_ha; numeric__max_field_area_ha; numeric__unique_input_count; numeric__head_formally_educated; categorical__head_education_None; numeric__formally_educated_share; numeric__input_record_count; numeric__field_count,8,0.6687930939626726,0.1023172291725239,1.0,0.9436619718309859,1.0,0.040815500000462634
Logistic Regression,Anchors,greedy high-precision feature rule,4,0,Maize,numeric__s4a_min_altitude; numeric__s4a_rainfed_share; numeric__rainfall_vuli_total; numeric__soil_al_mean; numeric__soil_al_median,5,0.23333333333333334,0.016565928115998718,1.0,0.9647887323943662,0.375,0.007753700003377162
Logistic Regression,LIME,local weighted Ridge surrogate,5,2,Beans,numeric__max_field_area_ha; categorical__primary_tenure_98.0; numeric__mean_field_area_ha; numeric__mean_seasonal_plot_area_ha; numeric__unique_input_count; numeric__seasonal_plot_area_ha; numeric__pure_stand_share; categorical__crop_group_permanent,8,0.48586019990747753,0.0,0.45454545454545453,0.9436619718309859,1.0,0.0075037000024167355
Logistic Regression,SHAP,single-baseline occlusion Shapley approximation,5,2,Beans,numeric__max_field_area_ha; numeric__mean_field_area_ha; numeric__intercropped_share; numeric__mean_seasonal_plot_area_ha; numeric__seasonal_plot_count; numeric__seasonal_plot_area_ha; numeric__household_size; categorical__primary_tenure_92.0,8,0.9935807029786087,0.0737712460473805,1.0,0.9436619718309859,1.0,0.0412579999974696
Logistic Regression,Anchors,greedy high-precision feature rule,5,2,Beans,categorical__head_education_PRIMARY EDUCATION COMPLETE; numeric__s4a_mean_altitude,2,1.0,0.014969364255865536,0.3333333333333333,0.9859154929577465,0.2875,0.01056339999922784
Logistic Regression,LIME,local weighted Ridge surrogate,6,0,Maize,numeric__mean_field_area_ha; categorical__head_education_None; numeric__max_field_area_ha; categorical__head_education_SECONDARY/ADVANCED EDUCATION INCOMPLETE; categorical__primary_tenure_94.0; categorical__primary_tenure_93.0; categorical__primary_tenure_98.0; numeric__fertilizer_kg,8,0.4770481519019538,0.12489409747269442,0.45454545454545453,0.9436619718309859,1.0,0.010341699999116827
Logistic Regression,SHAP,single-baseline occlusion Shapley approximation,6,0,Maize,numeric__mean_field_area_ha; numeric__household_size; numeric__fertilizer_kg; numeric__seasonal_plot_area_ha; categorical__dominant_crop_system_PURE STAND; numeric__mixed_crop_share; numeric__field_count; categorical__primary_tenure_89.0,8,0.8854795235435792,0.06773636541536054,1.0,0.9436619718309859,1.0,0.04494239999985439
Logistic Regression,Anchors,greedy high-precision feature rule,6,0,Maize,numeric__soil_k_max; numeric__soil_ph_median; numeric__maize_recent_market_price_tzs_mean; numeric__maize_recent_market_price_usd_mean; categorical__s4a_dominant_slope_class_Flat (0 - 0.5%),5,0.3333333333333333,0.002167723255864895,1.0,0.9647887323943662,0.225,0.009305800002039177
Logistic Regression,LIME,local weighted Ridge surrogate,7,1,Paddy,numeric__pure_stand_share; numeric__unique_input_count; numeric__head_formally_educated; categorical__primary_tenure_93.0; numeric__mean_seasonal_plot_area_ha; numeric__equipment_type_count; numeric__seasonal_plot_count; numeric__seasonal_plot_area_ha,8,0.512481797360721,0.4003491179979253,0.6,0.9436619718309859,1.0,0.010148499997740146
Logistic Regression,SHAP,single-baseline occlusion Shapley approximation,7,1,Paddy,numeric__seasonal_plot_count; numeric__seasonal_plot_area_ha; numeric__pure_stand_share; numeric__equipment_type_count; numeric__mean_seasonal_plot_area_ha; numeric__head_formally_educated; categorical__head_education_None; numeric__mixed_crop_share,8,0.6195540829447523,0.37808631268765247,1.0,0.9436619718309859,1.0,0.04240829999980633
Logistic Regression,Anchors,greedy high-precision feature rule,7,1,Paddy,numeric__rice_paddy_market_observation_count; numeric__beans_market_price_tzs_max; numeric__beans_market_observation_count; numeric__s4a_min_altitude; numeric__s4a_rainfed_share,5,0.75,0.058038601391351585,1.0,0.9647887323943662,0.15,0.010973500000545755
Logistic Regression,LIME,local weighted Ridge surrogate,8,1,Paddy,numeric__unique_input_count; numeric__mean_seasonal_plot_area_ha; numeric__seasonal_plot_count; categorical__head_education_SECONDARY/ADVANCED EDUCATION INCOMPLETE; numeric__equipment_type_count; numeric__head_literate; categorical__primary_tenure_93.0; numeric__seasonal_plot_area_ha,8,0.47777139902577004,0.20163999858753717,0.6,0.9436619718309859,1.0,0.008368499999050982
Logistic Regression,SHAP,single-baseline occlusion Shapley approximation,8,1,Paddy,numeric__seasonal_plot_count; numeric__seasonal_plot_area_ha; numeric__pure_stand_share; numeric__head_formally_educated; numeric__equipment_type_count; numeric__mean_seasonal_plot_area_ha; categorical__head_education_None; numeric__mixed_crop_share,8,0.47248078026447893,0.44139495720888444,1.0,0.9436619718309859,1.0,0.03717450000112876
Logistic Regression,Anchors,greedy high-precision feature rule,8,1,Paddy,numeric__rice_paddy_market_observation_count; numeric__beans_market_price_tzs_max; numeric__beans_market_observation_count; numeric__s4a_min_altitude; numeric__s4a_rainfed_share,5,0.75,0.05773198812929592,1.0,0.9647887323943662,0.15,0.012463399998523528
Logistic Regression,LIME,local weighted Ridge surrogate,9,2,Beans,categorical__crop_group_seasonal; categorical__crop_group_permanent; numeric__max_field_area_ha; numeric__mean_field_area_ha; categorical__primary_tenure_98.0; categorical__head_education_None; categorical__region_name_Kilimanjaro; numeric__pesticide_type_count,8,0.45018501267097044,0.0,0.45454545454545453,0.9436619718309859,1.0,0.009422499999345746
Logistic Regression,SHAP,single-baseline occlusion Shapley approximation,9,2,Beans,numeric__max_field_area_ha; numeric__mean_field_area_ha; numeric__mean_seasonal_plot_area_ha; numeric__field_count; numeric__total_field_area_ha; numeric__seasonal_plot_area_ha; numeric__seasonal_plot_count; numeric__intercropped_share,8,0.9502753031862474,0.0,0.7777777777777778,0.9436619718309859,1.0,0.054664599996613106
Logistic Regression,Anchors,greedy high-precision feature rule,9,2,Beans,numeric__temp_mean; numeric__s4a_erosion_share; numeric__s4a_inorganic_input_share; numeric__s4a_cereal_share; numeric__soil_k_mean,5,0.7692307692307693,0.02080923784742572,0.0,0.9647887323943662,0.325,0.011502699999255128
Logistic Regression,LIME,local weighted Ridge surrogate,10,2,Beans,categorical__crop_group_seasonal; categorical__crop_group_permanent; numeric__max_field_area_ha; categorical__primary_tenure_98.0; numeric__mean_field_area_ha; numeric__mean_seasonal_plot_area_ha; numeric__unique_input_count; numeric__temp_mean,8,0.4404544378398806,0.010874645533200666,0.3333333333333333,0.9436619718309859,1.0,0.01896669999769074
Logistic Regression,SHAP,single-baseline occlusion Shapley approximation,10,2,Beans,numeric__max_field_area_ha; numeric__mean_field_area_ha; numeric__mean_seasonal_plot_area_ha; numeric__field_count; numeric__total_field_area_ha; numeric__seasonal_plot_area_ha; numeric__seasonal_plot_count; numeric__intercropped_share,8,0.9502753031862474,0.0,0.7777777777777778,0.9436619718309859,1.0,0.045477600000594975
Logistic Regression,Anchors,greedy high-precision feature rule,10,2,Beans,numeric__temp_mean; numeric__s4a_erosion_share; numeric__s4a_inorganic_input_share; numeric__s4a_cereal_share; numeric__soil_k_mean,5,0.7692307692307693,0.02080923784742572,0.0,0.9647887323943662,0.325,0.008889799999451498
Logistic Regression,LIME,local weighted Ridge surrogate,11,2,Beans,categorical__crop_group_permanent; categorical__crop_group_seasonal; categorical__primary_tenure_98.0; numeric__mean_field_area_ha; numeric__maize_market_price_tzs_mean; numeric__s4a_pulses_share; numeric__max_field_area_ha; numeric__soil_ph_max,8,0.44962103223822025,0.0,0.45454545454545453,0.9436619718309859,1.0,0.01012559999799123
Logistic Regression,SHAP,single-baseline occlusion Shapley approximation,11,2,Beans,numeric__max_field_area_ha; numeric__mean_field_area_ha; numeric__mean_seasonal_plot_area_ha; numeric__field_count; numeric__total_field_area_ha; numeric__seasonal_plot_area_ha; numeric__seasonal_plot_count; numeric__intercropped_share,8,0.9502753031862474,0.0,0.7777777777777778,0.9436619718309859,1.0,0.046273899999505375
Logistic Regression,Anchors,greedy high-precision feature rule,11,2,Beans,numeric__temp_mean; numeric__s4a_erosion_share; numeric__s4a_inorganic_input_share; numeric__s4a_cereal_share; numeric__soil_k_mean,5,0.7692307692307693,0.02080923784742572,0.0,0.9647887323943662,0.325,0.009291200000006938
Random Forest,LIME,local weighted Ridge surrogate,0,0,Maize,numeric__max_field_area_ha; numeric__mean_field_area_ha; numeric__mean_seasonal_plot_area_ha; numeric__fertilizer_kg; numeric__pesticide_type_count; numeric__s4a_irrigated_share; numeric__total_field_area_ha; numeric__rice_paddy_market_price_tzs_max,8,0.3949166452566556,0.03347267229218631,0.45454545454545453,0.9436619718309859,1.0,0.13098969999919063
Random Forest,SHAP,single-baseline occlusion Shapley approximation,0,0,Maize,categorical__dominant_crop_system_PURE STAND; numeric__input_record_count; numeric__mixed_crop_share; numeric__fertilizer_kg; numeric__mean_seasonal_plot_area_ha; categorical__primary_tenure_95.0; numeric__head_age; numeric__pesticide_type_count,8,0.8093496692421729,0.12105544277384456,0.7777777777777778,0.9436619718309859,1.0,14.637290000002395
Random Forest,Anchors,greedy high-precision feature rule,0,0,Maize,numeric__mixed_crop_share; numeric__pesticide_liters; numeric__literate_share; numeric__pure_stand_share,4,1.0,0.05912373422770689,0.125,0.971830985915493,0.0375,0.11851320000278065
Random Forest,LIME,local weighted Ridge surrogate,1,0,Maize,numeric__max_field_area_ha; numeric__fallow_plot_share; numeric__fertilizer_kg; numeric__maize_market_price_tzs_max; categorical__primary_tenure_93.0; numeric__pure_stand_share; numeric__s4a_pulses_share; numeric__soil_k_median,8,0.3285521062046639,0.1030340843351698,0.3333333333333333,0.9436619718309859,1.0,0.13414349999948172
Random Forest,SHAP,single-baseline occlusion Shapley approximation,1,0,Maize,numeric__mixed_crop_share; categorical__head_education_PRE-SCHOOL; numeric__fertilizer_kg; numeric__fallow_plot_share; numeric__total_field_area_ha; numeric__pure_stand_share; numeric__soil_al_max; numeric__maize_market_price_tzs_max,8,0.9062995136775001,0.09160279139939742,0.6,0.9436619718309859,1.0,16.686487200000556
Random Forest,Anchors,greedy high-precision feature rule,1,0,Maize,numeric__mixed_crop_share; numeric__s4a_min_altitude; numeric__s4a_rainfed_share; numeric__rainfall_vuli_total; numeric__soil_al_mean,5,0.2222222222222222,0.10536747716288863,0.6666666666666666,0.9647887323943662,0.3375,0.12112580000029993
Random Forest,LIME,local weighted Ridge surrogate,2,0,Maize,numeric__total_field_area_ha; numeric__mean_field_area_ha; numeric__s4a_min_altitude; numeric__soil_n_min; numeric__fertilizer_kg; numeric__maize_market_observation_count; numeric__soil_n_median; numeric__working_age_members,8,0.3854069875719526,0.10343321021699708,0.3333333333333333,0.9436619718309859,1.0,0.1626049000005878
Random Forest,SHAP,single-baseline occlusion Shapley approximation,2,0,Maize,numeric__seasonal_plot_count; numeric__mixed_crop_share; numeric__fertilizer_type_count; numeric__mean_seasonal_plot_area_ha; numeric__total_field_area_ha; numeric__unique_input_count; numeric__input_record_count; categorical__dominant_crop_system_PURE STAND,8,0.9307906932482848,0.06572830064950791,1.0,0.9436619718309859,1.0,15.674783200000093
Random Forest,Anchors,greedy high-precision feature rule,2,0,Maize,numeric__rice_paddy_market_observation_count; numeric__beans_market_price_tzs_max; numeric__beans_market_observation_count; numeric__mixed_crop_share; numeric__s4a_min_altitude,5,0.2727272727272727,0.0862142132693845,1.0,0.9647887323943662,0.1375,0.11111970000274596
Random Forest,LIME,local weighted Ridge surrogate,3,0,Maize,numeric__total_field_area_ha; numeric__s4a_min_altitude; numeric__soil_n_median; numeric__mean_field_area_ha; numeric__fertilizer_kg; numeric__pesticide_type_count; numeric__seasonal_plot_area_ha; numeric__seasonal_plot_count,8,0.344758667193676,0.037420252784689745,0.3333333333333333,0.9436619718309859,1.0,0.1322435999973095
Random Forest,SHAP,single-baseline occlusion Shapley approximation,3,0,Maize,numeric__seasonal_plot_count; numeric__mixed_crop_share; numeric__fertilizer_type_count; numeric__mean_seasonal_plot_area_ha; numeric__total_field_area_ha; numeric__unique_input_count; numeric__input_record_count; categorical__dominant_crop_system_PURE STAND,8,0.9307906932482694,0.06572830064950802,1.0,0.9436619718309859,1.0,13.777511600001162
Random Forest,Anchors,greedy high-precision feature rule,3,0,Maize,numeric__rice_paddy_market_observation_count; numeric__beans_market_price_tzs_max; numeric__beans_market_observation_count; numeric__mixed_crop_share; numeric__s4a_min_altitude,5,0.2727272727272727,0.08621421326938461,1.0,0.9647887323943662,0.1375,0.11124290000225301
Random Forest,LIME,local weighted Ridge surrogate,4,0,Maize,numeric__total_field_area_ha; numeric__s4a_min_altitude; numeric__s4a_bare_soil_share; numeric__soil_al_median; numeric__literate_share; categorical__crop_group_permanent; numeric__maize_recent_market_price_tzs_mean; numeric__soil_n_max,8,0.3728161487874888,0.056343928610552096,0.14285714285714285,0.9436619718309859,1.0,0.12986350000210223
Random Forest,SHAP,single-baseline occlusion Shapley approximation,4,0,Maize,numeric__seasonal_plot_count; numeric__mixed_crop_share; numeric__fertilizer_type_count; numeric__mean_seasonal_plot_area_ha; numeric__total_field_area_ha; numeric__unique_input_count; numeric__input_record_count; categorical__dominant_crop_system_PURE STAND,8,0.9307906932482689,0.06572830064950802,1.0,0.9436619718309859,1.0,15.873828899999353
Random Forest,Anchors,greedy high-precision feature rule,4,0,Maize,numeric__rice_paddy_market_observation_count; numeric__beans_market_price_tzs_max; numeric__beans_market_observation_count; numeric__mixed_crop_share; numeric__s4a_min_altitude,5,0.2727272727272727,0.08621421326938461,1.0,0.9647887323943662,0.1375,0.12290990000110469
Random Forest,LIME,local weighted Ridge surrogate,5,0,Maize,numeric__fertilizer_kg; numeric__soil_n_max; numeric__fertilizer_type_count; numeric__beans_market_price_tzs_mean; numeric__soil_n_min; numeric__rainfall_max_monthly_2023_24; numeric__max_field_area_ha; numeric__rainfall_total_2023_24,8,0.25462388293619,0.08866181199106649,0.06666666666666667,0.9436619718309859,1.0,0.13171990000046208
Random Forest,SHAP,single-baseline occlusion Shapley approximation,5,0,Maize,numeric__fertilizer_kg; numeric__mixed_crop_share; numeric__seasonal_plot_area_ha; numeric__female_share; numeric__mean_field_area_ha; numeric__soil_n_max; numeric__total_field_area_ha; numeric__s4a_min_altitude,8,0.9958320399486165,0.019280247648872706,0.7777777777777778,0.9436619718309859,1.0,14.147497300000396
Random Forest,Anchors,greedy high-precision feature rule,5,0,Maize,numeric__mixed_crop_share; numeric__s4a_min_altitude; numeric__s4a_rainfed_share; numeric__rainfall_vuli_total; numeric__soil_al_mean,5,0.2222222222222222,0.1180636279353175,1.0,0.9647887323943662,0.3375,0.10778800000116462
Random Forest,LIME,local weighted Ridge surrogate,6,0,Maize,numeric__fertilizer_kg; numeric__soil_p_max; numeric__soil_p_mean; numeric__working_age_members; numeric__rice_paddy_market_price_usd_mean; numeric__maize_market_price_usd_mean; categorical__head_sex_Female; numeric__mean_field_area_ha,8,0.36621902697838715,0.008587403971506702,0.06666666666666667,0.9436619718309859,1.0,0.12907569999879343
Random Forest,SHAP,single-baseline occlusion Shapley approximation,6,0,Maize,numeric__intercropped_share; numeric__literate_share; numeric__pure_stand_share; numeric__field_count; numeric__fertilizer_kg; numeric__working_age_members; numeric__s4a_bare_soil_share; numeric__s4a_min_altitude,8,0.992692007247907,0.18324620719270102,1.0,0.9436619718309859,1.0,13.827127200001996
Random Forest,Anchors,greedy high-precision feature rule,6,0,Maize,numeric__mixed_crop_share; numeric__s4a_min_altitude; numeric__s4a_rainfed_share; numeric__rainfall_vuli_total; numeric__soil_al_mean,5,0.2222222222222222,0.07899277687018325,0.42857142857142855,0.9647887323943662,0.3375,0.125236899999436
Random Forest,LIME,local weighted Ridge surrogate,7,0,Maize,numeric__total_field_area_ha; numeric__mean_field_area_ha; numeric__max_field_area_ha; numeric__seasonal_plot_area_ha; categorical__head_education_None; numeric__soil_n_min; numeric__soil_n_mean; numeric__literate_share,8,0.3052206896463717,0.17257546667541657,0.23076923076923078,0.9436619718309859,1.0,0.13224609999815584
Random Forest,SHAP,single-baseline occlusion Shapley approximation,7,0,Maize,numeric__equipment_type_count; numeric__formally_educated_share; numeric__total_field_area_ha; numeric__mixed_crop_share; categorical__head_sex_Male; numeric__field_count; numeric__head_formally_educated; numeric__seasonal_plot_count,8,0.0,0.42527160375478623,0.6,0.9436619718309859,1.0,15.679136100003234
Random Forest,Anchors,greedy high-precision feature rule,7,0,Maize,numeric__rice_paddy_market_observation_count; numeric__beans_market_price_tzs_max; numeric__beans_market_observation_count; numeric__mixed_crop_share; numeric__s4a_min_altitude,5,0.2727272727272727,0.10415145246612001,1.0,0.9647887323943662,0.1375,0.12279249999846797
Random Forest,LIME,local weighted Ridge surrogate,8,0,Maize,numeric__mean_field_area_ha; numeric__max_field_area_ha; numeric__soil_p_min; numeric__soil_ph_max; categorical__crop_group_seasonal; numeric__pure_stand_share; numeric__pesticide_liters; numeric__soil_al_min,8,0.1903195589394896,0.13482937264669503,0.14285714285714285,0.9436619718309859,1.0,0.1309609999989334
Random Forest,SHAP,single-baseline occlusion Shapley approximation,8,0,Maize,numeric__equipment_type_count; categorical__head_sex_Male; numeric__mean_seasonal_plot_area_ha; numeric__mixed_crop_share; numeric__formally_educated_share; numeric__working_age_members; numeric__seasonal_plot_count; categorical__head_sex_Female,8,0.0,0.43105824151524624,1.0,0.9436619718309859,1.0,17.565056800001912
Random Forest,Anchors,greedy high-precision feature rule,8,0,Maize,numeric__rice_paddy_market_observation_count; numeric__beans_market_price_tzs_max; numeric__beans_market_observation_count; numeric__mixed_crop_share; numeric__s4a_min_altitude,5,0.2727272727272727,0.11373197074212493,1.0,0.9647887323943662,0.1375,0.22018890000254032
Random Forest,LIME,local weighted Ridge surrogate,9,2,Beans,numeric__mean_field_area_ha; numeric__soil_n_max; numeric__mean_seasonal_plot_area_ha; numeric__maize_market_price_tzs_max; numeric__pure_stand_share; numeric__literate_share; categorical__head_education_PRIMARY EDUCATION COMPLETE; numeric__s4a_bare_soil_share,8,0.33167950154453874,0.023653073220565035,0.23076923076923078,0.9436619718309859,1.0,0.18421310000121593
Random Forest,SHAP,single-baseline occlusion Shapley approximation,9,2,Beans,numeric__mixed_crop_share; categorical__head_education_PRIMARY EDUCATION COMPLETE; numeric__mean_field_area_ha; numeric__mean_member_age; numeric__total_field_area_ha; numeric__seasonal_plot_area_ha; numeric__field_count; numeric__household_size,8,0.8113251325714643,0.12308339286221887,0.6,0.9436619718309859,1.0,18.25648170000204
Random Forest,Anchors,greedy high-precision feature rule,9,2,Beans,numeric__max_field_area_ha; numeric__total_field_area_ha; numeric__rice_paddy_market_observation_count; numeric__beans_market_price_tzs_max; numeric__beans_market_observation_count,5,0.71875,0.05631879204571605,0.0,0.9647887323943662,0.4,0.1597927000002528
Random Forest,LIME,local weighted Ridge surrogate,10,2,Beans,numeric__mean_field_area_ha; numeric__total_field_area_ha; numeric__maize_recent_market_price_tzs_median; numeric__rice_paddy_market_price_tzs_mean; numeric__pure_stand_share; numeric__maize_market_price_tzs_max; numeric__working_age_members; numeric__soil_n_max,8,0.3021609840381725,0.08591329233882428,0.14285714285714285,0.9436619718309859,1.0,0.15745160000005853
Random Forest,SHAP,single-baseline occlusion Shapley approximation,10,2,Beans,numeric__mixed_crop_share; categorical__head_education_PRIMARY EDUCATION COMPLETE; numeric__mean_field_area_ha; numeric__mean_member_age; numeric__total_field_area_ha; numeric__seasonal_plot_area_ha; numeric__field_count; numeric__household_size,8,0.8113251325714639,0.12308339286221881,1.0,0.9436619718309859,1.0,14.322156999998697
Random Forest,Anchors,greedy high-precision feature rule,10,2,Beans,numeric__max_field_area_ha; numeric__total_field_area_ha; numeric__rice_paddy_market_observation_count; numeric__beans_market_price_tzs_max; numeric__beans_market_observation_count,5,0.71875,0.05631879204571599,0.0,0.9647887323943662,0.4,0.11222379999890109
Random Forest,LIME,local weighted Ridge surrogate,11,2,Beans,numeric__mean_field_area_ha; numeric__soil_n_max; numeric__maize_market_price_tzs_max; numeric__total_field_area_ha; numeric__pure_stand_share; numeric__soil_ph_max; numeric__maize_market_observation_count; numeric__s4a_rainfed_share,8,0.2764984703181613,0.07227223538053562,0.3333333333333333,0.9436619718309859,1.0,0.14962390000073356
Random Forest,SHAP,single-baseline occlusion Shapley approximation,11,2,Beans,numeric__mixed_crop_share; categorical__head_education_PRIMARY EDUCATION COMPLETE; numeric__mean_field_area_ha; numeric__mean_member_age; numeric__total_field_area_ha; numeric__seasonal_plot_area_ha; numeric__field_count; numeric__household_size,8,0.8113251325714639,0.12308339286221887,0.6,0.9436619718309859,1.0,13.732034799999383
Random Forest,Anchors,greedy high-precision feature rule,11,2,Beans,numeric__max_field_area_ha; numeric__total_field_area_ha; numeric__rice_paddy_market_observation_count; numeric__beans_market_price_tzs_max; numeric__beans_market_observation_count,5,0.71875,0.05631879204571605,0.0,0.9647887323943662,0.4,0.11663819999739644
Support Vector Machine,LIME,local weighted Ridge surrogate,0,0,Maize,numeric__mean_field_area_ha; categorical__crop_group_seasonal; numeric__max_field_area_ha; numeric__seasonal_plot_count; categorical__head_education_None; categorical__crop_group_permanent; categorical__head_education_PRIMARY EDUCATION COMPLETE; categorical__primary_tenure_98.0,8,0.46631182526863635,0.0,0.6,0.9436619718309859,1.0,0.007148900000174763
Support Vector Machine,SHAP,single-baseline occlusion Shapley approximation,0,0,Maize,numeric__mean_field_area_ha; numeric__max_field_area_ha; numeric__seasonal_plot_count; numeric__input_record_count; numeric__pesticide_type_count; numeric__seasonal_plot_area_ha; categorical__dominant_crop_system_PURE STAND; categorical__head_education_PRIMARY EDUCATION COMPLETE,8,0.9905025984289662,0.0,1.0,0.9436619718309859,1.0,0.03773619999992661
Support Vector Machine,Anchors,greedy high-precision feature rule,0,0,Maize,numeric__working_age_members; numeric__mixed_crop_share; categorical__head_education_PRIMARY EDUCATION COMPLETE; numeric__max_field_area_ha; numeric__pure_stand_share,5,1.0,0.07246214880057505,0.16666666666666666,0.9647887323943662,0.025,0.0076150000022607855
Support Vector Machine,LIME,local weighted Ridge surrogate,1,0,Maize,numeric__mean_field_area_ha; numeric__max_field_area_ha; numeric__equipment_type_count; categorical__head_education_PRIMARY EDUCATION COMPLETE; categorical__crop_group_seasonal; categorical__primary_tenure_93.0; categorical__head_education_None; categorical__head_education_SECONDARY/ADVANCED EDUCATION INCOMPLETE,8,0.4335461311169919,0.0,0.6,0.9436619718309859,1.0,0.008611200002633268
Support Vector Machine,SHAP,single-baseline occlusion Shapley approximation,1,0,Maize,numeric__mean_field_area_ha; numeric__fallow_plot_share; numeric__max_field_area_ha; categorical__head_education_PRE-SCHOOL; numeric__equipment_type_count; categorical__head_education_PRIMARY EDUCATION COMPLETE; numeric__seasonal_plot_area_ha; categorical__dominant_crop_system_PURE STAND,8,0.9799357941733844,0.0225457183445244,1.0,0.9436619718309859,1.0,0.028210299999045674
Support Vector Machine,Anchors,greedy high-precision feature rule,1,0,Maize,numeric__soil_k_max; numeric__soil_ph_median; numeric__maize_recent_market_price_tzs_mean; numeric__maize_recent_market_price_usd_mean; categorical__s4a_dominant_slope_class_Flat (0 - 0.5%),5,0.7222222222222222,0.00661308680633238,0.14285714285714285,0.9647887323943662,0.225,0.0090608999998949
Support Vector Machine,LIME,local weighted Ridge surrogate,2,0,Maize,numeric__mean_field_area_ha; categorical__crop_group_seasonal; categorical__primary_tenure_98.0; categorical__crop_group_permanent; numeric__head_formally_educated; categorical__head_education_None; numeric__max_field_area_ha; numeric__fertilizer_kg,8,0.4664086856090035,0.0,0.6,0.9436619718309859,1.0,0.012707899997622008
Support Vector Machine,SHAP,single-baseline occlusion Shapley approximation,2,0,Maize,numeric__mean_field_area_ha; numeric__max_field_area_ha; numeric__head_formally_educated; categorical__head_education_None; numeric__input_record_count; numeric__seasonal_plot_count; numeric__formally_educated_share; numeric__field_count,8,0.9651085686460157,0.02980514837670617,1.0,0.9436619718309859,1.0,0.03584029999910854
Support Vector Machine,Anchors,greedy high-precision feature rule,2,0,Maize,numeric__formally_educated_share; numeric__head_formally_educated; numeric__s4a_min_altitude,3,1.0,0.0,0.5,0.9788732394366197,0.0625,0.009417699999175966
Support Vector Machine,LIME,local weighted Ridge surrogate,3,0,Maize,categorical__crop_group_seasonal; numeric__mean_field_area_ha; categorical__crop_group_permanent; numeric__head_formally_educated; numeric__max_field_area_ha; categorical__head_education_None; numeric__seasonal_plot_count; categorical__head_education_SECONDARY/ADVANCED EDUCATION INCOMPLETE,8,0.48321892981840486,0.0,0.6,0.9436619718309859,1.0,0.007910500000434695
Support Vector Machine,SHAP,single-baseline occlusion Shapley approximation,3,0,Maize,numeric__mean_field_area_ha; numeric__max_field_area_ha; numeric__head_formally_educated; categorical__head_education_None; numeric__input_record_count; numeric__seasonal_plot_count; numeric__formally_educated_share; numeric__field_count,8,0.9651085686460157,0.02980514837670617,1.0,0.9436619718309859,1.0,0.03056109999670298
Support Vector Machine,Anchors,greedy high-precision feature rule,3,0,Maize,numeric__formally_educated_share; numeric__head_formally_educated; numeric__s4a_min_altitude,3,1.0,0.0,1.0,0.9788732394366197,0.0625,0.009875499999907333
Support Vector Machine,LIME,local weighted Ridge surrogate,4,0,Maize,numeric__mean_field_area_ha; categorical__crop_group_permanent; categorical__crop_group_seasonal; numeric__head_formally_educated; numeric__max_field_area_ha; categorical__primary_tenure_98.0; categorical__primary_tenure_94.0; categorical__head_education_None,8,0.544097947478432,0.0,0.7777777777777778,0.9436619718309859,1.0,0.010822799999004928
Support Vector Machine,SHAP,single-baseline occlusion Shapley approximation,4,0,Maize,numeric__mean_field_area_ha; numeric__max_field_area_ha; numeric__head_formally_educated; categorical__head_education_None; numeric__input_record_count; numeric__seasonal_plot_count; numeric__formally_educated_share; numeric__field_count,8,0.9651085686460157,0.02980514837670617,1.0,0.9436619718309859,1.0,0.043394899999839254
Support Vector Machine,Anchors,greedy high-precision feature rule,4,0,Maize,numeric__formally_educated_share; numeric__head_formally_educated; numeric__s4a_min_altitude,3,1.0,0.0,1.0,0.9788732394366197,0.0625,0.014041300000826595
Support Vector Machine,LIME,local weighted Ridge surrogate,5,0,Maize,numeric__max_field_area_ha; numeric__mean_field_area_ha; categorical__primary_tenure_98.0; categorical__head_education_None; categorical__crop_group_seasonal; categorical__crop_group_permanent; categorical__head_education_PRE-SCHOOL; categorical__dominant_crop_system_PURE STAND,8,0.4552914388200465,0.0,0.6,0.9436619718309859,1.0,0.01304570000138483
Support Vector Machine,SHAP,single-baseline occlusion Shapley approximation,5,0,Maize,numeric__max_field_area_ha; numeric__mean_field_area_ha; numeric__seasonal_plot_count; numeric__seasonal_plot_area_ha; categorical__dominant_crop_system_INTERCROPPED; categorical__dominant_crop_system_PURE STAND; numeric__household_size; categorical__head_education_PRIMARY EDUCATION COMPLETE,8,0.9783143624727049,0.0,0.7777777777777778,0.9436619718309859,1.0,0.03686839999863878
Support Vector Machine,Anchors,greedy high-precision feature rule,5,0,Maize,numeric__soil_k_max; numeric__soil_ph_median; numeric__maize_recent_market_price_tzs_mean; numeric__maize_recent_market_price_usd_mean; categorical__s4a_dominant_slope_class_Flat (0 - 0.5%),5,0.7222222222222222,0.004806028271690299,1.0,0.9647887323943662,0.225,0.008951400002843002
Support Vector Machine,LIME,local weighted Ridge surrogate,6,0,Maize,numeric__mean_field_area_ha; numeric__max_field_area_ha; categorical__head_education_None; categorical__primary_tenure_98.0; categorical__crop_group_permanent; numeric__fertilizer_kg; categorical__primary_tenure_95.0; categorical__head_education_SECONDARY/ADVANCED EDUCATION INCOMPLETE,8,0.5015668093042117,0.09139722798904237,0.3333333333333333,0.9436619718309859,1.0,0.01100889999725041
Support Vector Machine,SHAP,single-baseline occlusion Shapley approximation,6,0,Maize,numeric__mean_field_area_ha; numeric__fallow_plot_share; numeric__seasonal_plot_area_ha; categorical__dominant_crop_system_PURE STAND; numeric__seasonal_plot_count; numeric__fertilizer_kg; categorical__head_education_PRIMARY EDUCATION COMPLETE; numeric__household_size,8,0.9811076868743759,0.1253064189007908,1.0,0.9436619718309859,1.0,0.03858620000028168
Support Vector Machine,Anchors,greedy high-precision feature rule,6,0,Maize,numeric__soil_k_max; numeric__soil_ph_median; numeric__maize_recent_market_price_tzs_mean; numeric__maize_recent_market_price_usd_mean; categorical__s4a_dominant_slope_class_Flat (0 - 0.5%),5,0.7222222222222222,0.006617858369336038,0.16666666666666666,0.9647887323943662,0.225,0.01275080000050366
Support Vector Machine,LIME,local weighted Ridge surrogate,7,0,Maize,numeric__mean_field_area_ha; categorical__crop_group_seasonal; numeric__max_field_area_ha; numeric__head_formally_educated; categorical__head_education_None; numeric__mean_seasonal_plot_area_ha; categorical__crop_group_permanent; categorical__head_education_OTHERS,8,0.4787038687241584,0.006152748730583357,0.6,0.9436619718309859,1.0,0.010205899998254608
Support Vector Machine,SHAP,single-baseline occlusion Shapley approximation,7,0,Maize,numeric__head_formally_educated; numeric__mean_field_area_ha; numeric__max_field_area_ha; categorical__head_education_None; numeric__seasonal_plot_area_ha; numeric__seasonal_plot_count; numeric__mean_seasonal_plot_area_ha; numeric__equipment_type_count,8,0.9772263316869728,0.015073743474612877,1.0,0.9436619718309859,1.0,0.036840100001427345
Support Vector Machine,Anchors,greedy high-precision feature rule,7,0,Maize,numeric__formally_educated_share; numeric__head_formally_educated; numeric__working_age_members; numeric__mixed_crop_share; categorical__head_education_PRIMARY EDUCATION COMPLETE,5,0.3333333333333333,0.0,1.0,0.9647887323943662,0.0375,0.009640199998102617
Support Vector Machine,LIME,local weighted Ridge surrogate,8,0,Maize,numeric__mean_field_area_ha; categorical__crop_group_seasonal; categorical__crop_group_permanent; categorical__primary_tenure_94.0; numeric__max_field_area_ha; categorical__head_education_SECONDARY/ADVANCED EDUCATION INCOMPLETE; categorical__head_education_None; numeric__head_formally_educated,8,0.5113074870865517,0.0,0.7777777777777778,0.9436619718309859,1.0,0.008093399999779649
Support Vector Machine,SHAP,single-baseline occlusion Shapley approximation,8,0,Maize,numeric__head_formally_educated; numeric__mean_field_area_ha; categorical__head_education_None; numeric__max_field_area_ha; numeric__seasonal_plot_area_ha; numeric__mean_seasonal_plot_area_ha; numeric__seasonal_plot_count; numeric__equipment_type_count,8,0.9714291612429006,0.012229027228392642,1.0,0.9436619718309859,1.0,0.030375700000149664
Support Vector Machine,Anchors,greedy high-precision feature rule,8,0,Maize,numeric__formally_educated_share; numeric__head_formally_educated; numeric__working_age_members; numeric__mixed_crop_share; categorical__head_education_PRIMARY EDUCATION COMPLETE,5,0.3333333333333333,0.0,1.0,0.9647887323943662,0.0375,0.008606999999756226
Support Vector Machine,LIME,local weighted Ridge surrogate,9,0,Maize,numeric__mean_field_area_ha; categorical__crop_group_seasonal; numeric__max_field_area_ha; categorical__crop_group_permanent; categorical__primary_tenure_98.0; categorical__head_education_PRIMARY EDUCATION COMPLETE; categorical__head_education_None; categorical__region_18.0,8,0.4382854317464243,0.008246238634544378,0.6,0.9436619718309859,1.0,0.007832499999494758
Support Vector Machine,SHAP,single-baseline occlusion Shapley approximation,9,0,Maize,numeric__max_field_area_ha; numeric__mean_field_area_ha; numeric__seasonal_plot_count; categorical__head_education_PRIMARY EDUCATION COMPLETE; categorical__dominant_crop_system_PURE STAND; numeric__seasonal_plot_area_ha; numeric__fertilizer_kg; numeric__fallow_plot_share,8,0.989744441814503,0.018118415567468793,1.0,0.9436619718309859,1.0,0.03296010000121896
Support Vector Machine,Anchors,greedy high-precision feature rule,9,0,Maize,categorical__head_education_PRIMARY EDUCATION COMPLETE; numeric__pure_stand_share; numeric__mean_field_area_ha; numeric__s4a_mean_altitude; numeric__s4a_fruits_share,5,0.7777777777777778,0.0,0.0,0.9647887323943662,0.1125,0.007959000002301764
Support Vector Machine,LIME,local weighted Ridge surrogate,10,0,Maize,numeric__mean_field_area_ha; categorical__crop_group_seasonal; categorical__crop_group_permanent; numeric__max_field_area_ha; categorical__head_education_PRE-SCHOOL; categorical__primary_tenure_98.0; categorical__head_education_SECONDARY/ADVANCED EDUCATION INCOMPLETE; categorical__primary_tenure_95.0,8,0.45299951081275946,0.008858076892808153,0.45454545454545453,0.9436619718309859,1.0,0.0079068000013649
Support Vector Machine,SHAP,single-baseline occlusion Shapley approximation,10,0,Maize,numeric__max_field_area_ha; numeric__mean_field_area_ha; numeric__seasonal_plot_count; categorical__head_education_PRIMARY EDUCATION COMPLETE; categorical__dominant_crop_system_PURE STAND; numeric__seasonal_plot_area_ha; numeric__fertilizer_kg; numeric__fallow_plot_share,8,0.989744441814503,0.018118415567468793,1.0,0.9436619718309859,1.0,0.03057270000135759
Support Vector Machine,Anchors,greedy high-precision feature rule,10,0,Maize,categorical__head_education_PRIMARY EDUCATION COMPLETE; numeric__pure_stand_share; numeric__mean_field_area_ha; numeric__s4a_mean_altitude; numeric__s4a_fruits_share,5,0.7777777777777778,0.0,0.0,0.9647887323943662,0.1125,0.008099300001049414
Support Vector Machine,LIME,local weighted Ridge surrogate,11,0,Maize,categorical__crop_group_permanent; numeric__mean_field_area_ha; categorical__crop_group_seasonal; numeric__max_field_area_ha; categorical__primary_tenure_98.0; numeric__head_age; categorical__dominant_crop_system_INTERCROPPED; categorical__head_education_None,8,0.4370398920480951,0.004710655448613543,0.6,0.9436619718309859,1.0,0.007473900001059519
Support Vector Machine,SHAP,single-baseline occlusion Shapley approximation,11,0,Maize,numeric__max_field_area_ha; numeric__mean_field_area_ha; numeric__seasonal_plot_count; categorical__head_education_PRIMARY EDUCATION COMPLETE; categorical__dominant_crop_system_PURE STAND; numeric__seasonal_plot_area_ha; numeric__fertilizer_kg; numeric__fallow_plot_share,8,0.989744441814503,0.018118415567468793,1.0,0.9436619718309859,1.0,0.03193520000058925
Support Vector Machine,Anchors,greedy high-precision feature rule,11,0,Maize,categorical__head_education_PRIMARY EDUCATION COMPLETE; numeric__pure_stand_share; numeric__mean_field_area_ha; numeric__s4a_mean_altitude; numeric__s4a_fruits_share,5,0.7777777777777778,0.0,0.0,0.9647887323943662,0.1125,0.008932400000048801
Gradient Boosting Classifier,LIME,local weighted Ridge surrogate,0,0,Maize,numeric__pure_stand_share; numeric__max_field_area_ha; numeric__mixed_crop_share; numeric__soil_ph_max; categorical__region_18.0; numeric__soil_al_max; categorical__s4a_dominant_water_supply_Rainfed; numeric__maize_recent_market_price_tzs_median,8,0.34545950066223374,0.13802226967574677,0.23076923076923078,0.9436619718309859,1.0,0.011743300001398893
Gradient Boosting Classifier,SHAP,single-baseline occlusion Shapley approximation,0,0,Maize,numeric__mixed_crop_share; numeric__seasonal_plot_count; numeric__mean_field_area_ha; numeric__mean_seasonal_plot_area_ha; numeric__pure_stand_share; numeric__seasonal_plot_area_ha; categorical__primary_tenure_95.0; numeric__rice_paddy_recent_market_price_tzs_mean,8,0.9821268799042795,0.0,1.0,0.9436619718309859,1.0,0.27351679999992484
Gradient Boosting Classifier,Anchors,greedy high-precision feature rule,0,0,Maize,numeric__working_age_members,1,1.0,0.0029257060375156296,0.0,0.9929577464788732,0.1375,0.00998540000000503
Gradient Boosting Classifier,LIME,local weighted Ridge surrogate,1,0,Maize,numeric__mean_seasonal_plot_area_ha; numeric__fallow_plot_share; numeric__seasonal_plot_area_ha; numeric__s4a_rainfed_share; numeric__soil_al_max; numeric__total_field_area_ha; numeric__mixed_crop_share; categorical__dominant_crop_system_INTERCROPPED,8,0.3939998716154396,0.10648070038455382,0.3333333333333333,0.9436619718309859,1.0,0.010579699999652803
Gradient Boosting Classifier,SHAP,single-baseline occlusion Shapley approximation,1,0,Maize,numeric__mixed_crop_share; numeric__fallow_plot_share; numeric__fertilizer_kg; numeric__intercropped_share; numeric__s4a_irrigated_share; numeric__s4a_cereal_share; numeric__soil_k_max; numeric__maize_market_price_usd_mean,8,0.9597148986782467,0.20042018773597692,1.0,0.9436619718309859,1.0,0.29289069999867934
Gradient Boosting Classifier,Anchors,greedy high-precision feature rule,1,0,Maize,numeric__mixed_crop_share,1,0.975,0.07223998281391886,0.0,0.9929577464788732,0.5,0.009383900000102585
Gradient Boosting Classifier,LIME,local weighted Ridge surrogate,2,0,Maize,numeric__pure_stand_share; numeric__field_count; numeric__max_field_area_ha; numeric__formally_educated_share; numeric__total_field_area_ha; numeric__fertilizer_kg; numeric__s4a_min_altitude; numeric__soil_bdod_0_5cm_max,8,0.3678532961453794,0.02595473894059519,0.14285714285714285,0.9436619718309859,1.0,0.014042099999642232
Gradient Boosting Classifier,SHAP,single-baseline occlusion Shapley approximation,2,0,Maize,numeric__mixed_crop_share; numeric__seasonal_plot_count; numeric__pure_stand_share; numeric__field_count; numeric__mean_seasonal_plot_area_ha; numeric__s4a_cereal_share; numeric__fertilizer_type_count; numeric__max_field_area_ha,8,0.9617107976706899,0.05976116715638846,1.0,0.9436619718309859,1.0,0.26214899999831687
Gradient Boosting Classifier,Anchors,greedy high-precision feature rule,2,0,Maize,numeric__mixed_crop_share,1,0.975,0.09275010859905375,1.0,0.9929577464788732,0.5,0.009105499997531297
Gradient Boosting Classifier,LIME,local weighted Ridge surrogate,3,0,Maize,numeric__field_count; numeric__pure_stand_share; numeric__max_field_area_ha; numeric__s4a_inorganic_input_share; numeric__soil_bdod_0_5cm_mean; numeric__soil_p_mean; numeric__s4a_point_count; numeric__literate_share,8,0.35645214530040237,0.0,0.3333333333333333,0.9436619718309859,1.0,0.010337099996831967
Gradient Boosting Classifier,SHAP,single-baseline occlusion Shapley approximation,3,0,Maize,numeric__mixed_crop_share; numeric__seasonal_plot_count; numeric__pure_stand_share; numeric__field_count; numeric__mean_seasonal_plot_area_ha; numeric__s4a_cereal_share; numeric__fertilizer_type_count; numeric__max_field_area_ha,8,0.9617107976706899,0.05976116715638846,1.0,0.9436619718309859,1.0,0.27872170000046026
Gradient Boosting Classifier,Anchors,greedy high-precision feature rule,3,0,Maize,numeric__mixed_crop_share,1,0.975,0.09275010859905375,0.0,0.9929577464788732,0.5,0.015268099999957485
Gradient Boosting Classifier,LIME,local weighted Ridge surrogate,4,0,Maize,numeric__field_count; numeric__pure_stand_share; categorical__primary_tenure_95.0; numeric__formally_educated_share; numeric__soil_k_median; categorical__primary_tenure_90.0; numeric__s4a_semi_luxury_share; numeric__literate_share,8,0.31754425253729546,0.018521623778030682,0.23076923076923078,0.9436619718309859,1.0,0.010799399999086745
Gradient Boosting Classifier,SHAP,single-baseline occlusion Shapley approximation,4,0,Maize,numeric__mixed_crop_share; numeric__seasonal_plot_count; numeric__pure_stand_share; numeric__field_count; numeric__mean_seasonal_plot_area_ha; numeric__s4a_cereal_share; numeric__fertilizer_type_count; numeric__max_field_area_ha,8,0.9617107976706899,0.05976116715638846,1.0,0.9436619718309859,1.0,0.30906039999899804
Gradient Boosting Classifier,Anchors,greedy high-precision feature rule,4,0,Maize,numeric__mixed_crop_share,1,0.975,0.09275010859905375,0.0,0.9929577464788732,0.5,0.0111466999987897
Gradient Boosting Classifier,LIME,local weighted Ridge surrogate,5,0,Maize,numeric__max_field_area_ha; numeric__mixed_crop_share; numeric__soil_p_max; numeric__s4a_bare_soil_share; numeric__rainfall_max_monthly_2023_24; numeric__s4a_min_altitude; numeric__mean_field_area_ha; numeric__s4a_fruits_share,8,0.29214535688317356,0.06879109360227054,0.23076923076923078,0.9436619718309859,1.0,0.012151499999163207
Gradient Boosting Classifier,SHAP,single-baseline occlusion Shapley approximation,5,0,Maize,numeric__intercropped_share; numeric__mixed_crop_share; categorical__dominant_crop_system_INTERCROPPED; numeric__mean_seasonal_plot_area_ha; numeric__s4a_cereal_share; numeric__seasonal_plot_area_ha; numeric__soil_k_max; numeric__s4a_irrigated_share,8,0.9209037726454958,0.0,1.0,0.9436619718309859,1.0,0.294767999999749
Gradient Boosting Classifier,Anchors,greedy high-precision feature rule,5,0,Maize,numeric__mixed_crop_share,1,0.975,0.0694653910973575,0.0,0.9929577464788732,0.5,0.010910800003330223
Gradient Boosting Classifier,LIME,local weighted Ridge surrogate,6,0,Maize,numeric__fallow_plot_share; numeric__mean_seasonal_plot_area_ha; numeric__mean_field_area_ha; numeric__seasonal_plot_area_ha; numeric__mixed_crop_share; numeric__fertilizer_kg; numeric__s4a_cultivated_land_share; numeric__s4a_cereal_share,8,0.36399845538868225,0.13895357628724525,0.3333333333333333,0.9436619718309859,1.0,0.01318860000174027
Gradient Boosting Classifier,SHAP,single-baseline occlusion Shapley approximation,6,0,Maize,numeric__mixed_crop_share; numeric__fallow_plot_share; numeric__fertilizer_kg; numeric__s4a_cereal_share; numeric__seasonal_plot_area_ha; numeric__intercropped_share; numeric__s4a_irrigated_share; numeric__soil_k_max,8,0.9379792339713788,0.14343894243210709,1.0,0.9436619718309859,1.0,0.2950382000017271
Gradient Boosting Classifier,Anchors,greedy high-precision feature rule,6,0,Maize,numeric__mixed_crop_share,1,0.975,0.06315758552582651,0.0,0.9929577464788732,0.5,0.009910799999488518
Gradient Boosting Classifier,LIME,local weighted Ridge surrogate,7,0,Maize,numeric__mean_field_area_ha; numeric__total_field_area_ha; numeric__rice_paddy_market_price_tzs_max; numeric__soil_bdod_0_5cm_min; numeric__soil_n_max; numeric__max_field_area_ha; numeric__s4a_min_altitude; numeric__maize_recent_market_price_tzs_mean,8,0.3288314668138449,0.0,0.14285714285714285,0.9436619718309859,1.0,0.011435899999924004
Gradient Boosting Classifier,SHAP,single-baseline occlusion Shapley approximation,7,0,Maize,numeric__equipment_type_count; numeric__seasonal_plot_count; numeric__mixed_crop_share; numeric__mean_seasonal_plot_area_ha; categorical__dominant_crop_system_PURE STAND; numeric__working_age_members; numeric__mean_field_area_ha; numeric__s4a_cereal_share,8,0.6979421531488632,0.25300493422615977,1.0,0.9436619718309859,1.0,0.2769044999986363
Gradient Boosting Classifier,Anchors,greedy high-precision feature rule,7,0,Maize,numeric__working_age_members,1,1.0,0.02673122254125415,1.0,0.9929577464788732,0.1375,0.009076400001504226
Gradient Boosting Classifier,LIME,local weighted Ridge surrogate,8,0,Maize,numeric__mean_field_area_ha; numeric__rice_paddy_market_price_usd_mean; numeric__rainfall_masika_total; numeric__input_record_count; categorical__dominant_crop_system_MIXED; numeric__fallow_plot_share; numeric__temp_mean; numeric__beans_market_price_tzs_max,8,0.3081301499577246,0.0,0.06666666666666667,0.9436619718309859,1.0,0.012127599999075755
Gradient Boosting Classifier,SHAP,single-baseline occlusion Shapley approximation,8,0,Maize,numeric__equipment_type_count; numeric__seasonal_plot_count; numeric__mixed_crop_share; numeric__mean_seasonal_plot_area_ha; categorical__dominant_crop_system_PURE STAND; numeric__working_age_members; numeric__s4a_cereal_share; numeric__mean_field_area_ha,8,0.705332584347207,0.25450649094600053,0.7777777777777778,0.9436619718309859,1.0,0.2764253999994253
Gradient Boosting Classifier,Anchors,greedy high-precision feature rule,8,0,Maize,numeric__working_age_members,1,1.0,0.0260189789846611,0.0,0.9929577464788732,0.1375,0.009420500002306653
Gradient Boosting Classifier,LIME,local weighted Ridge surrogate,9,0,Maize,numeric__max_field_area_ha; numeric__total_field_area_ha; numeric__mean_member_age; numeric__mixed_crop_share; numeric__pure_stand_share; numeric__soil_n_max; numeric__beans_market_price_tzs_median; categorical__s4a_dominant_field_size_1 to 2 acres (± 0.4 to 0.8 ha ; 4000-8000 m2),8,0.2982253515476152,0.0,0.23076923076923078,0.9436619718309859,1.0,0.010627599996951176
Gradient Boosting Classifier,SHAP,single-baseline occlusion Shapley approximation,9,0,Maize,numeric__equipment_type_count; numeric__mixed_crop_share; numeric__mean_field_area_ha; numeric__seasonal_plot_area_ha; numeric__seasonal_plot_count; numeric__mean_member_age; numeric__soil_k_max; numeric__mean_seasonal_plot_area_ha,8,0.9657943001740865,0.0,0.7777777777777778,0.9436619718309859,1.0,0.2557018000006792
Gradient Boosting Classifier,Anchors,greedy high-precision feature rule,9,0,Maize,numeric__seasonal_plot_count; numeric__pure_stand_share,2,0.9583333333333334,0.022418532732641216,0.0,0.9859154929577465,0.3,0.009443900002224836
Gradient Boosting Classifier,LIME,local weighted Ridge surrogate,10,0,Maize,numeric__total_field_area_ha; numeric__max_field_area_ha; numeric__mean_member_age; numeric__pesticide_liters; numeric__s4a_pulses_share; numeric__soil_p_mean; numeric__mixed_crop_share; categorical__region_name_Iringa,8,0.2924129092793917,0.0,0.3333333333333333,0.9436619718309859,1.0,0.011398899998312118
Gradient Boosting Classifier,SHAP,single-baseline occlusion Shapley approximation,10,0,Maize,numeric__equipment_type_count; numeric__mixed_crop_share; numeric__mean_field_area_ha; numeric__seasonal_plot_area_ha; numeric__seasonal_plot_count; numeric__mean_member_age; numeric__soil_k_max; numeric__mean_seasonal_plot_area_ha,8,0.9657943001740865,0.0,1.0,0.9436619718309859,1.0,0.3028620000004594
Gradient Boosting Classifier,Anchors,greedy high-precision feature rule,10,0,Maize,numeric__seasonal_plot_count; numeric__pure_stand_share,2,0.9583333333333334,0.022418532732641216,0.0,0.9859154929577465,0.3,0.009785199999896577
Gradient Boosting Classifier,LIME,local weighted Ridge surrogate,11,0,Maize,numeric__max_field_area_ha; numeric__total_field_area_ha; numeric__mean_member_age; numeric__mixed_crop_share; numeric__rainfall_masika_total; numeric__fertilizer_kg; numeric__maize_market_price_tzs_median; numeric__head_age,8,0.3067001342066987,0.0,0.3333333333333333,0.9436619718309859,1.0,0.011044400001992472
Gradient Boosting Classifier,SHAP,single-baseline occlusion Shapley approximation,11,0,Maize,numeric__equipment_type_count; numeric__mixed_crop_share; numeric__mean_field_area_ha; numeric__seasonal_plot_area_ha; numeric__seasonal_plot_count; numeric__mean_member_age; numeric__soil_k_max; numeric__mean_seasonal_plot_area_ha,8,0.9657943001740865,0.0,0.7777777777777778,0.9436619718309859,1.0,0.2721629999978177
Gradient Boosting Classifier,Anchors,greedy high-precision feature rule,11,0,Maize,numeric__seasonal_plot_count; numeric__pure_stand_share,2,0.9583333333333334,0.022418532732641216,0.0,0.9859154929577465,0.3,0.010658700000931276
k-Nearest Neighbor,LIME,local weighted Ridge surrogate,0,0,Maize,numeric__equipment_type_count; numeric__field_count; numeric__equipment_use_share; numeric__fallow_plot_share; numeric__pesticide_type_count; numeric__fertilizer_kg; numeric__intercropped_share; categorical__s4a_dominant_water_supply_Rainfed,8,0.2842475067390602,0.14347383960318405,0.23076923076923078,0.9436619718309859,1.0,0.029862999999750173
k-Nearest Neighbor,SHAP,single-baseline occlusion Shapley approximation,0,0,Maize,numeric__head_age; numeric__mean_member_age; numeric__seasonal_plot_count; numeric__pesticide_type_count; numeric__input_record_count; numeric__equipment_use_share; numeric__equipment_type_count; numeric__fallow_plot_share,8,0.46464279271534836,0.14065770476663492,1.0,0.9436619718309859,1.0,0.45040639999933774
k-Nearest Neighbor,Anchors,greedy high-precision feature rule,0,0,Maize,numeric__pesticide_liters,1,1.0,0.0,0.0,0.9929577464788732,0.1875,0.026192799999989802
k-Nearest Neighbor,LIME,local weighted Ridge surrogate,1,0,Maize,numeric__equipment_type_count; categorical__head_education_PRIMARY EDUCATION COMPLETE; numeric__literate_share; categorical__head_education_OTHERS; numeric__household_size; numeric__soil_al_mean; numeric__fertilizer_type_count; numeric__maize_market_observation_count,8,0.3690145782611054,0.15271319599370836,0.3333333333333333,0.9436619718309859,1.0,0.030576699999073753
k-Nearest Neighbor,SHAP,single-baseline occlusion Shapley approximation,1,0,Maize,numeric__fallow_plot_share; numeric__equipment_type_count; numeric__fertilizer_kg; categorical__head_education_OTHERS; numeric__household_size; numeric__pesticide_liters,6,0.9175558565499924,0.285453708425384,1.0,0.9577464788732395,1.0,0.47143900000082795
k-Nearest Neighbor,Anchors,greedy high-precision feature rule,1,0,Maize,numeric__temp_range,1,0.9523809523809523,0.0,0.0,0.9929577464788732,0.525,0.022901600001205225
k-Nearest Neighbor,LIME,local weighted Ridge surrogate,2,0,Maize,numeric__field_count; numeric__fertilizer_kg; numeric__literate_share; numeric__mean_member_age; categorical__crop_group_permanent; categorical__crop_group_seasonal; numeric__head_age; numeric__female_share,8,0.7256977821075059,0.16245676878436116,0.23076923076923078,0.9436619718309859,1.0,0.029668099999980768
k-Nearest Neighbor,SHAP,single-baseline occlusion Shapley approximation,2,0,Maize,numeric__field_count; numeric__literate_share; numeric__formally_educated_share; numeric__head_formally_educated; numeric__fertilizer_kg; numeric__unique_input_count; numeric__beans_market_count; numeric__maize_market_count,8,0.9194122822730951,0.0,0.6,0.9436619718309859,1.0,0.44073869999920134
k-Nearest Neighbor,Anchors,greedy high-precision feature rule,2,0,Maize,numeric__seasonal_plot_count; numeric__temp_mean,2,1.0,0.0008918292036850239,0.0,0.9859154929577465,0.45,0.022577200001251185
k-Nearest Neighbor,LIME,local weighted Ridge surrogate,3,0,Maize,numeric__field_count; numeric__literate_share; numeric__s4a_rainfed_share; numeric__seasonal_plot_count; numeric__fertilizer_kg; categorical__head_sex_Male; numeric__soil_al_median; numeric__soil_n_max,8,0.33864197021163844,0.15945212321282498,0.23076923076923078,0.9436619718309859,1.0,0.031229799998982344
k-Nearest Neighbor,SHAP,single-baseline occlusion Shapley approximation,3,0,Maize,numeric__field_count; numeric__literate_share; numeric__formally_educated_share; numeric__head_formally_educated; numeric__fertilizer_kg; numeric__unique_input_count; numeric__beans_market_count; numeric__maize_market_count,8,0.9194122822730951,0.0,0.7777777777777778,0.9436619718309859,1.0,0.4053992000008293
k-Nearest Neighbor,Anchors,greedy high-precision feature rule,3,0,Maize,numeric__seasonal_plot_count; numeric__temp_mean,2,1.0,0.0008918292036850239,0.0,0.9859154929577465,0.45,0.01935370000137482
k-Nearest Neighbor,LIME,local weighted Ridge surrogate,4,0,Maize,numeric__field_count; numeric__literate_share; numeric__rainfall_max_monthly_2023_24; categorical__primary_tenure_95.0; numeric__soil_al_min; numeric__maize_market_count; numeric__working_age_members; numeric__beans_recent_market_price_tzs_mean,8,0.29449431217887134,0.15529165625836333,0.14285714285714285,0.9436619718309859,1.0,0.03330640000058338
k-Nearest Neighbor,SHAP,single-baseline occlusion Shapley approximation,4,0,Maize,numeric__field_count; numeric__literate_share; numeric__formally_educated_share; numeric__head_formally_educated; numeric__fertilizer_kg; numeric__unique_input_count; numeric__beans_market_count; numeric__maize_market_count,8,0.9194122822730951,0.0,1.0,0.9436619718309859,1.0,0.525598500000342
k-Nearest Neighbor,Anchors,greedy high-precision feature rule,4,0,Maize,numeric__seasonal_plot_count; numeric__temp_mean,2,1.0,0.0008918292036850239,0.0,0.9859154929577465,0.45,0.03179720000116504
k-Nearest Neighbor,LIME,local weighted Ridge surrogate,5,0,Maize,numeric__intercropped_share; numeric__female_share; categorical__primary_tenure_92.0; numeric__rainfall_vuli_total; numeric__s4a_mean_altitude; numeric__maize_recent_market_price_tzs_mean; numeric__maize_market_price_tzs_min; numeric__equipment_type_count,8,0.2621033187199511,0.1404146563646831,0.14285714285714285,0.9436619718309859,1.0,0.03914219999933266
k-Nearest Neighbor,SHAP,single-baseline occlusion Shapley approximation,5,0,Maize,numeric__female_share; numeric__household_size; numeric__fallow_plot_share; numeric__intercropped_share; numeric__equipment_use_share; numeric__head_age; numeric__literate_share; numeric__mean_member_age,8,0.5704888495523903,0.005066032053110292,1.0,0.9436619718309859,1.0,0.6568933000016841
k-Nearest Neighbor,Anchors,greedy high-precision feature rule,5,0,Maize,numeric__temp_range,1,0.9523809523809523,0.0,0.0,0.9929577464788732,0.525,0.034904700001789024
k-Nearest Neighbor,LIME,local weighted Ridge surrogate,6,0,Maize,numeric__equipment_type_count; categorical__head_education_PRIMARY EDUCATION COMPLETE; numeric__household_size; numeric__s4a_cereal_share; numeric__rice_paddy_market_observation_count; numeric__pure_stand_share; numeric__s4a_min_altitude; categorical__s4a_dominant_water_supply_Rainfed,8,0.3527828503369098,0.006411135837467663,0.06666666666666667,0.9436619718309859,1.0,0.04165909999937867
k-Nearest Neighbor,SHAP,single-baseline occlusion Shapley approximation,6,0,Maize,numeric__field_count; numeric__seasonal_plot_count; numeric__fallow_plot_share; numeric__head_age; numeric__female_share; numeric__working_age_members; numeric__formally_educated_share; numeric__literate_share,8,0.20679736364834223,0.0,0.7777777777777778,0.9436619718309859,1.0,0.6211268000006385
k-Nearest Neighbor,Anchors,greedy high-precision feature rule,6,0,Maize,numeric__temp_range,1,0.9523809523809523,0.0002664855859435544,0.0,0.9929577464788732,0.525,0.029668099999980768
k-Nearest Neighbor,LIME,local weighted Ridge surrogate,7,0,Maize,numeric__literate_share; numeric__mean_member_age; numeric__head_age; numeric__working_age_members; categorical__primary_tenure_89.0; categorical__primary_tenure_95.0; numeric__household_size; numeric__pure_stand_share,8,0.4989985758500145,0.018323936533186425,0.6,0.9436619718309859,1.0,0.037379400000645546
k-Nearest Neighbor,SHAP,single-baseline occlusion Shapley approximation,7,0,Maize,numeric__literate_share; numeric__formally_educated_share; numeric__working_age_members; numeric__equipment_type_count; categorical__primary_tenure_95.0; numeric__household_size; categorical__head_sex_Female; categorical__head_sex_Male,8,0.6220948023071157,0.17766101315274985,1.0,0.9436619718309859,1.0,0.6097098999998707
k-Nearest Neighbor,Anchors,greedy high-precision feature rule,7,0,Maize,numeric__temp_mean; numeric__s4a_erosion_share; numeric__s4a_inorganic_input_share; numeric__s4a_cereal_share; numeric__soil_k_mean,5,0.8703703703703703,0.003092353774982848,1.0,0.9647887323943662,0.675,0.03074669999841717
k-Nearest Neighbor,LIME,local weighted Ridge surrogate,8,0,Maize,numeric__formally_educated_share; numeric__working_age_members; categorical__region_name_Mbeya; numeric__literate_share; categorical__head_education_PRIMARY EDUCATION COMPLETE; numeric__mean_member_age; categorical__head_education_SECONDARY/ADVANCED EDUCATION INCOMPLETE; numeric__pure_stand_share,8,0.5784021150639227,0.22854219705403833,0.23076923076923078,0.9436619718309859,1.0,0.034198399996967055
k-Nearest Neighbor,SHAP,single-baseline occlusion Shapley approximation,8,0,Maize,numeric__formally_educated_share; numeric__head_age; numeric__working_age_members; categorical__head_sex_Male; categorical__head_sex_Female; numeric__literate_share; numeric__head_formally_educated; numeric__maize_market_count,8,0.027484239270552102,0.07381743291555698,1.0,0.9436619718309859,1.0,0.48131949999879
k-Nearest Neighbor,Anchors,greedy high-precision feature rule,8,0,Maize,numeric__temp_mean; numeric__s4a_erosion_share; numeric__s4a_inorganic_input_share; numeric__s4a_cereal_share; numeric__soil_k_mean,5,0.8703703703703703,0.0,0.0,0.9647887323943662,0.675,0.023555499999929452
k-Nearest Neighbor,LIME,local weighted Ridge surrogate,9,2,Beans,categorical__head_education_PRE-SCHOOL; categorical__head_education_PRIMARY EDUCATION COMPLETE; categorical__head_education_OTHERS; numeric__household_size; numeric__head_age; categorical__s4a_dominant_field_size_1 to 2 acres (± 0.4 to 0.8 ha ; 4000-8000 m2); numeric__s4a_fruits_share; numeric__mean_field_area_ha,8,0.44062061751386383,0.0,0.3333333333333333,0.9436619718309859,1.0,0.03245560000141268
k-Nearest Neighbor,SHAP,single-baseline occlusion Shapley approximation,9,2,Beans,categorical__head_education_PRIMARY EDUCATION COMPLETE; numeric__head_age; categorical__head_education_PRE-SCHOOL; numeric__mean_seasonal_plot_area_ha; categorical__head_education_OTHERS; numeric__mean_member_age; numeric__seasonal_plot_area_ha; categorical__head_education_SECONDARY/ADVANCED EDUCATION COMPLETE,8,0.8488404957661269,0.0,1.0,0.9436619718309859,1.0,0.5740208999995957
k-Nearest Neighbor,Anchors,greedy high-precision feature rule,9,2,Beans,numeric__temp_mean; numeric__s4a_erosion_share; numeric__s4a_inorganic_input_share; numeric__s4a_cereal_share; numeric__soil_k_mean,5,0.15384615384615385,0.0,1.0,0.9647887323943662,0.325,0.02453649999733898
k-Nearest Neighbor,LIME,local weighted Ridge surrogate,10,2,Beans,categorical__head_education_PRE-SCHOOL; categorical__head_education_OTHERS; categorical__head_education_PRIMARY EDUCATION COMPLETE; numeric__head_age; numeric__beans_recent_market_price_tzs_median; numeric__rice_paddy_recent_market_price_usd_mean; numeric__maize_recent_market_price_usd_mean; numeric__head_formally_educated,8,0.42422381639755213,0.0,0.45454545454545453,0.9436619718309859,1.0,0.02956880000056117
k-Nearest Neighbor,SHAP,single-baseline occlusion Shapley approximation,10,2,Beans,categorical__head_education_PRIMARY EDUCATION COMPLETE; numeric__head_age; categorical__head_education_PRE-SCHOOL; numeric__mean_seasonal_plot_area_ha; categorical__head_education_OTHERS; numeric__mean_member_age; numeric__seasonal_plot_area_ha; categorical__head_education_SECONDARY/ADVANCED EDUCATION COMPLETE,8,0.8488404957661269,0.0,0.7777777777777778,0.9436619718309859,1.0,0.5251332999978331
k-Nearest Neighbor,Anchors,greedy high-precision feature rule,10,2,Beans,numeric__temp_mean; numeric__s4a_erosion_share; numeric__s4a_inorganic_input_share; numeric__s4a_cereal_share; numeric__soil_k_mean,5,0.15384615384615385,0.0,1.0,0.9647887323943662,0.325,0.023970499998540618
k-Nearest Neighbor,LIME,local weighted Ridge surrogate,11,2,Beans,categorical__head_education_PRE-SCHOOL; categorical__head_education_PRIMARY EDUCATION COMPLETE; categorical__head_education_OTHERS; numeric__head_age; categorical__s4a_dominant_slope_class_Very gently sloping (0.5 - 2.0%); numeric__literate_share; numeric__rainfall_total_2023_24; numeric__soil_n_min,8,0.43616291571351873,0.0,0.3333333333333333,0.9436619718309859,1.0,0.03611970000201836
k-Nearest Neighbor,SHAP,single-baseline occlusion Shapley approximation,11,2,Beans,categorical__head_education_PRIMARY EDUCATION COMPLETE; numeric__head_age; categorical__head_education_PRE-SCHOOL; numeric__mean_seasonal_plot_area_ha; categorical__head_education_OTHERS; numeric__mean_member_age; numeric__seasonal_plot_area_ha; categorical__head_education_SECONDARY/ADVANCED EDUCATION COMPLETE,8,0.8488404957661269,0.0,1.0,0.9436619718309859,1.0,0.5979318999998213
k-Nearest Neighbor,Anchors,greedy high-precision feature rule,11,2,Beans,numeric__temp_mean; numeric__s4a_erosion_share; numeric__s4a_inorganic_input_share; numeric__s4a_cereal_share; numeric__soil_k_mean,5,0.15384615384615385,0.0,1.0,0.9647887323943662,0.325,0.027421000002505025
XGBoost,LIME,local weighted Ridge surrogate,0,0,Maize,numeric__s4a_min_altitude; numeric__equipment_type_count; categorical__crop_group_seasonal; numeric__soil_bdod_0_5cm_median; numeric__s4a_irrigated_share; categorical__primary_tenure_95.0; numeric__mixed_crop_share; numeric__s4a_fruits_share,8,0.33413556274713463,0.158029705286026,0.23076923076923078,0.9436619718309859,1.0,0.016228799999225885
XGBoost,SHAP,single-baseline occlusion Shapley approximation,0,0,Maize,numeric__equipment_type_count; numeric__mixed_crop_share; numeric__pure_stand_share; categorical__primary_tenure_95.0; numeric__equipment_use_share; numeric__seasonal_plot_count; numeric__mean_seasonal_plot_area_ha; numeric__seasonal_plot_area_ha,8,0.9163690507411957,0.17036637663841248,0.45454545454545453,0.9436619718309859,1.0,0.29704059999858146
XGBoost,Anchors,greedy high-precision feature rule,0,0,Maize,numeric__max_field_area_ha; numeric__household_size,2,1.0,0.0,0.0,0.9859154929577465,0.275,0.022630999999819323
XGBoost,LIME,local weighted Ridge surrogate,1,0,Maize,numeric__s4a_mean_altitude; categorical__crop_group_seasonal; numeric__fertilizer_type_count; numeric__mean_seasonal_plot_area_ha; numeric__fallow_plot_share; numeric__maize_recent_market_price_tzs_mean; numeric__pesticide_type_count; numeric__mean_field_area_ha,8,0.32366803718958304,0.048091232776641846,0.45454545454545453,0.9436619718309859,1.0,0.020550699999148492
XGBoost,SHAP,single-baseline occlusion Shapley approximation,1,0,Maize,numeric__mixed_crop_share; numeric__equipment_type_count; numeric__fallow_plot_share; numeric__s4a_min_altitude; categorical__dominant_crop_system_PURE STAND; numeric__fertilizer_type_count; numeric__intercropped_share; numeric__field_count,8,0.8281629979610443,0.33960673213005066,0.6,0.9436619718309859,1.0,0.3827553999981319
XGBoost,Anchors,greedy high-precision feature rule,1,0,Maize,numeric__max_field_area_ha; numeric__soil_k_max; numeric__soil_ph_median; numeric__maize_recent_market_price_tzs_mean; numeric__maize_recent_market_price_usd_mean,5,0.875,0.0,0.0,0.9647887323943662,0.2,0.026542100000369828
XGBoost,LIME,local weighted Ridge surrogate,2,0,Maize,categorical__crop_group_seasonal; numeric__s4a_min_altitude; numeric__seasonal_plot_count; numeric__field_count; numeric__maize_market_observation_count; categorical__region_11.0; numeric__fertilizer_type_count; numeric__temp_mean,8,0.40968652081133117,0.0,0.3333333333333333,0.9436619718309859,1.0,0.020484499997110106
XGBoost,SHAP,single-baseline occlusion Shapley approximation,2,0,Maize,numeric__seasonal_plot_count; numeric__mixed_crop_share; numeric__mean_seasonal_plot_area_ha; numeric__s4a_min_altitude; numeric__fertilizer_type_count; numeric__field_count; numeric__literate_share; numeric__formally_educated_share,8,0.8054063320159912,0.0571649968624115,0.6,0.9436619718309859,1.0,0.3574653999967268
XGBoost,Anchors,greedy high-precision feature rule,2,0,Maize,numeric__total_field_area_ha; numeric__mixed_crop_share; numeric__s4a_min_altitude; numeric__s4a_rainfed_share; numeric__rainfall_vuli_total,5,0.9,0.2517278492450714,0.3333333333333333,0.9647887323943662,0.25,0.02400149999812129
XGBoost,LIME,local weighted Ridge surrogate,3,0,Maize,categorical__crop_group_seasonal; numeric__s4a_min_altitude; numeric__seasonal_plot_count; numeric__unique_input_count; numeric__literate_share; numeric__formally_educated_share; numeric__s4a_fruits_share; numeric__temp_mean,8,0.39313667885923254,0.0,0.23076923076923078,0.9436619718309859,1.0,0.020910100000037346
XGBoost,SHAP,single-baseline occlusion Shapley approximation,3,0,Maize,numeric__seasonal_plot_count; numeric__mixed_crop_share; numeric__mean_seasonal_plot_area_ha; numeric__s4a_min_altitude; numeric__fertilizer_type_count; numeric__field_count; numeric__literate_share; numeric__formally_educated_share,8,0.8054063320159912,0.0571649968624115,0.7777777777777778,0.9436619718309859,1.0,0.3462120000003779
XGBoost,Anchors,greedy high-precision feature rule,3,0,Maize,numeric__total_field_area_ha; numeric__mixed_crop_share; numeric__s4a_min_altitude; numeric__s4a_rainfed_share; numeric__rainfall_vuli_total,5,0.9,0.2517278492450714,1.0,0.9647887323943662,0.25,0.023998299999220762
XGBoost,LIME,local weighted Ridge surrogate,4,0,Maize,categorical__crop_group_seasonal; numeric__s4a_min_altitude; numeric__s4a_animal_manure_share; numeric__soil_bdod_0_5cm_mean; numeric__seasonal_plot_count; numeric__s4a_aquatic_land_share; categorical__s4a_dominant_main_land_use_Cultivated and managed land (terrestial area); numeric__soil_n_max,8,0.3682274074934928,0.0,0.3333333333333333,0.9436619718309859,1.0,0.020042200001626043
XGBoost,SHAP,single-baseline occlusion Shapley approximation,4,0,Maize,numeric__seasonal_plot_count; numeric__mixed_crop_share; numeric__mean_seasonal_plot_area_ha; numeric__s4a_min_altitude; numeric__fertilizer_type_count; numeric__field_count; numeric__literate_share; numeric__formally_educated_share,8,0.8054063320159912,0.0571649968624115,0.6,0.9436619718309859,1.0,0.362841500002105
XGBoost,Anchors,greedy high-precision feature rule,4,0,Maize,numeric__total_field_area_ha; numeric__mixed_crop_share; numeric__s4a_min_altitude; numeric__s4a_rainfed_share; numeric__rainfall_vuli_total,5,0.9,0.2517278492450714,1.0,0.9647887323943662,0.25,0.02684930000032182
XGBoost,LIME,local weighted Ridge surrogate,5,0,Maize,numeric__seasonal_plot_count; numeric__fertilizer_type_count; categorical__head_education_PRIMARY EDUCATION COMPLETE; categorical__dominant_crop_system_INTERCROPPED; numeric__equipment_type_count; numeric__temp_mean; numeric__soil_al_mean; numeric__intercropped_share,8,0.39245080042145153,0.0,0.6,0.9436619718309859,1.0,0.02262460000201827
XGBoost,SHAP,single-baseline occlusion Shapley approximation,5,0,Maize,numeric__intercropped_share; numeric__s4a_min_altitude; numeric__equipment_type_count; numeric__mean_seasonal_plot_area_ha; numeric__fertilizer_type_count; numeric__mixed_crop_share; numeric__seasonal_plot_area_ha; categorical__dominant_crop_system_INTERCROPPED,8,0.8461311161518097,0.10753774642944336,0.45454545454545453,0.9436619718309859,1.0,0.4059215999986918
XGBoost,Anchors,greedy high-precision feature rule,5,0,Maize,numeric__max_field_area_ha; numeric__soil_k_max; numeric__soil_ph_median; numeric__maize_recent_market_price_tzs_mean; numeric__maize_recent_market_price_usd_mean,5,0.875,0.00040453672409057617,1.0,0.9647887323943662,0.2,0.026639200001227437
XGBoost,LIME,local weighted Ridge surrogate,6,0,Maize,numeric__fertilizer_type_count; categorical__crop_group_seasonal; numeric__mean_field_area_ha; numeric__s4a_mean_altitude; categorical__head_education_PRIMARY EDUCATION COMPLETE; numeric__rainfall_mean_monthly_2023_24; categorical__region_name_Kilimanjaro; numeric__head_literate,8,0.3317595306607808,0.04601258039474487,0.23076923076923078,0.9436619718309859,1.0,0.021951300001092022
XGBoost,SHAP,single-baseline occlusion Shapley approximation,6,0,Maize,numeric__mixed_crop_share; numeric__mean_field_area_ha; numeric__fertilizer_type_count; numeric__equipment_type_count; numeric__fallow_plot_share; categorical__head_education_PRIMARY EDUCATION COMPLETE; numeric__seasonal_plot_area_ha; numeric__s4a_min_altitude,8,0.7467398345470428,0.23509401082992554,0.45454545454545453,0.9436619718309859,1.0,0.3649678000001586
XGBoost,Anchors,greedy high-precision feature rule,6,0,Maize,numeric__max_field_area_ha; numeric__soil_k_max; numeric__soil_ph_median; numeric__maize_recent_market_price_tzs_mean; numeric__maize_recent_market_price_usd_mean,5,0.875,0.0,0.0,0.9647887323943662,0.2,0.024111700000503333
XGBoost,LIME,local weighted Ridge surrogate,7,0,Maize,numeric__pure_stand_share; numeric__temp_mean; categorical__crop_group_seasonal; numeric__mean_field_area_ha; numeric__beans_market_price_tzs_min; numeric__fertilizer_type_count; numeric__total_field_area_ha; numeric__s4a_cultivated_land_share,8,0.35102721774694956,0.020965993404388428,0.45454545454545453,0.9436619718309859,1.0,0.021258900000248104
XGBoost,SHAP,single-baseline occlusion Shapley approximation,7,0,Maize,numeric__temp_mean; numeric__seasonal_plot_count; categorical__dominant_crop_system_PURE STAND; numeric__mixed_crop_share; numeric__pure_stand_share; numeric__s4a_max_altitude; numeric__max_field_area_ha; numeric__fertilizer_type_count,8,0.6180180609226227,0.24247604608535767,0.7777777777777778,0.9436619718309859,1.0,0.39731700000265846
XGBoost,Anchors,greedy high-precision feature rule,7,0,Maize,numeric__household_size; numeric__mixed_crop_share; numeric__s4a_min_altitude,3,1.0,0.1466873288154602,1.0,0.9788732394366197,0.2125,0.027667800000926945
XGBoost,LIME,local weighted Ridge surrogate,8,0,Maize,numeric__pure_stand_share; categorical__crop_group_seasonal; numeric__mean_field_area_ha; numeric__temp_mean; categorical__dominant_crop_system_PURE STAND; categorical__head_education_None; numeric__soil_n_max; numeric__s4a_max_altitude,8,0.3781540714113808,0.0,0.6,0.9436619718309859,1.0,0.02239929999996093
XGBoost,SHAP,single-baseline occlusion Shapley approximation,8,0,Maize,numeric__temp_mean; categorical__dominant_crop_system_PURE STAND; numeric__seasonal_plot_count; numeric__s4a_max_altitude; numeric__max_field_area_ha; numeric__mixed_crop_share; numeric__fertilizer_type_count; numeric__mean_seasonal_plot_area_ha,8,0.46609458327293396,0.12450188398361206,0.45454545454545453,0.9436619718309859,1.0,0.37128669999947306
XGBoost,Anchors,greedy high-precision feature rule,8,0,Maize,numeric__household_size; numeric__mixed_crop_share; numeric__s4a_min_altitude,3,1.0,0.05728071928024292,0.0,0.9788732394366197,0.2125,0.02554769999915152
XGBoost,LIME,local weighted Ridge surrogate,9,0,Maize,numeric__seasonal_plot_count; numeric__total_field_area_ha; numeric__equipment_use_share; categorical__crop_group_seasonal; numeric__rice_paddy_market_price_tzs_median; numeric__working_age_members; categorical__s4a_dominant_field_size_1 to 2 acres (± 0.4 to 0.8 ha ; 4000-8000 m2); numeric__soil_al_max,8,0.349067047427298,0.04565659165382385,0.23076923076923078,0.9436619718309859,1.0,0.02301919999808888
XGBoost,SHAP,single-baseline occlusion Shapley approximation,9,0,Maize,numeric__mixed_crop_share; numeric__mean_member_age; numeric__seasonal_plot_area_ha; numeric__seasonal_plot_count; numeric__mean_seasonal_plot_area_ha; numeric__total_field_area_ha; numeric__fertilizer_type_count; numeric__head_age,8,0.9813328981399536,0.008136868476867676,0.7777777777777778,0.9436619718309859,1.0,0.4149338999995962
XGBoost,Anchors,greedy high-precision feature rule,9,0,Maize,numeric__head_age; numeric__literate_share; numeric__mean_field_area_ha; numeric__s4a_mean_altitude,4,1.0,0.01271432638168335,0.0,0.971830985915493,0.1875,0.025531499999488005
XGBoost,LIME,local weighted Ridge surrogate,10,0,Maize,numeric__seasonal_plot_count; numeric__temp_range; categorical__primary_tenure_92.0; numeric__rice_paddy_market_price_tzs_median; numeric__soil_k_min; numeric__maize_market_price_tzs_min; categorical__region_name_Kilimanjaro; numeric__fertilizer_type_count,8,0.3486888747165868,0.03769060969352722,0.06666666666666667,0.9436619718309859,1.0,0.02061400000093272
XGBoost,SHAP,single-baseline occlusion Shapley approximation,10,0,Maize,numeric__mixed_crop_share; numeric__mean_member_age; numeric__seasonal_plot_area_ha; numeric__seasonal_plot_count; numeric__mean_seasonal_plot_area_ha; numeric__total_field_area_ha; numeric__fertilizer_type_count; numeric__head_age,8,0.9813328981399536,0.008136868476867676,0.6,0.9436619718309859,1.0,0.5876050000006217
XGBoost,Anchors,greedy high-precision feature rule,10,0,Maize,numeric__head_age; numeric__literate_share; numeric__mean_field_area_ha; numeric__s4a_mean_altitude,4,1.0,0.01271432638168335,0.0,0.971830985915493,0.1875,0.029569400001491886
XGBoost,LIME,local weighted Ridge surrogate,11,0,Maize,numeric__seasonal_plot_count; numeric__total_field_area_ha; categorical__crop_group_seasonal; categorical__head_education_OTHERS; numeric__head_literate; numeric__fertilizer_kg; numeric__s4a_rainfed_share; categorical__dominant_crop_system_INTERCROPPED,8,0.35351401546609795,0.05005142092704773,0.14285714285714285,0.9436619718309859,1.0,0.029162599999835948
XGBoost,SHAP,single-baseline occlusion Shapley approximation,11,0,Maize,numeric__mixed_crop_share; numeric__mean_member_age; numeric__seasonal_plot_area_ha; numeric__seasonal_plot_count; numeric__mean_seasonal_plot_area_ha; numeric__total_field_area_ha; numeric__fertilizer_type_count; numeric__head_age,8,0.9813328981399536,0.008136868476867676,0.6,0.9436619718309859,1.0,0.6150159999997413
XGBoost,Anchors,greedy high-precision feature rule,11,0,Maize,numeric__head_age; numeric__literate_share; numeric__mean_field_area_ha; numeric__s4a_mean_altitude,4,1.0,0.01271432638168335,0.14285714285714285,0.971830985915493,0.1875,0.03134940000018105
